Date,Children apprehended and placed in CBP custody*,Children in CBP custody,Children transferred out of CBP custody,Children in HHS Care,Children discharged from HHS Care,Validation
2023-01-02,25.0,32.0,27.0,"7,903",231.0,True
2023-01-03,0.0,0.0,0.0,"7,903",0.0,True
2023-01-04,0.0,0.0,0.0,"7,903",0.0,True
2023-01-05,224.0,315.0,152.0,"8,492",237.0,True
2023-01-06,56.0,82.0,68.0,"7,002",287.0,True
2023-01-07,0.0,0.0,0.0,"7,002",0.0,True
2023-01-08,87.0,246.0,173.0,"8,103",168.0,True
2023-01-09,0.0,0.0,0.0,"8,103",0.0,True
2023-01-10,0.0,0.0,0.0,"8,103",0.0,True
2023-01-11,132.0,235.0,197.0,"9,250",279.0,True
2023-01-12,0.0,0.0,0.0,"9,250",0.0,True
2023-01-13,0.0,0.0,0.0,"9,250",0.0,True
2023-01-14,0.0,0.0,0.0,"9,250",0.0,True
2023-01-15,0.0,0.0,0.0,"9,250",0.0,True
2023-01-16,0.0,0.0,0.0,"9,250",0.0,True
2023-01-17,0.0,0.0,0.0,"9,250",0.0,True
2023-01-18,0.0,0.0,0.0,"9,250",0.0,True
2023-01-19,0.0,0.0,0.0,"9,250",0.0,True
2023-01-20,0.0,0.0,0.0,"9,250",0.0,True
2023-01-21,0.0,0.0,0.0,"9,250",0.0,True
2023-01-22,32.0,49.0,39.0,"7,122",227.0,True
2023-01-23,32.0,50.0,39.0,"7,280",181.0,True
2023-01-24,0.0,0.0,0.0,"7,280",0.0,True
2023-01-25,0.0,0.0,0.0,"7,280",0.0,True
2023-01-26,0.0,0.0,0.0,"7,280",0.0,True
2023-01-27,0.0,0.0,0.0,"7,280",0.0,True
2023-01-28,0.0,0.0,0.0,"7,280",0.0,True
2023-01-29,23.0,45.0,11.0,"7,472",303.0,True
2023-01-30,34.0,54.0,29.0,"7,743",196.0,True
2023-01-31,26.0,36.0,36.0,"7,803",158.0,True
2023-02-01,0.0,0.0,0.0,"7,803",0.0,True
2023-02-02,0.0,0.0,0.0,"7,803",0.0,True
2023-02-03,130.0,227.0,192.0,"7,870",335.0,True
2023-02-04,125.0,232.0,192.0,"7,981",304.0,True
2023-02-05,167.0,326.0,213.0,"8,654",245.0,True
2023-02-06,0.0,0.0,0.0,"8,654",0.0,True
2023-02-07,209.0,285.0,184.0,"5,903",309.0,True
2023-02-08,84.0,171.0,157.0,"8,261",271.0,True
2023-02-09,0.0,0.0,0.0,"8,261",0.0,True
2023-02-10,107.0,170.0,133.0,"10,724",284.0,True
2023-02-11,0.0,0.0,0.0,"10,724",0.0,True
2023-02-12,0.0,0.0,0.0,"10,724",0.0,True
2023-02-13,186.0,259.0,172.0,"7,483",244.0,True
2023-02-14,154.0,225.0,220.0,"7,794",223.0,True
2023-02-15,91.0,199.0,172.0,"7,869",290.0,True
2023-02-16,81.0,213.0,153.0,"7,793",361.0,True
2023-02-17,0.0,0.0,0.0,"7,793",0.0,True
2023-02-18,0.0,0.0,0.0,"7,793",0.0,True
2023-02-19,0.0,0.0,0.0,"7,793",0.0,True
2023-02-20,209.0,285.0,184.0,"7,817",209.0,True
2023-02-21,184.0,314.0,217.0,"7,967",213.0,True
2023-02-22,0.0,0.0,0.0,"7,967",0.0,True
2023-02-23,0.0,0.0,0.0,"7,967",0.0,True
2023-02-24,0.0,0.0,0.0,"7,967",0.0,True
2023-02-25,0.0,0.0,0.0,"7,967",0.0,True
2023-02-26,99.0,190.0,176.0,"7,609",323.0,True
2023-02-27,167.0,239.0,166.0,"7,800",248.0,True
2023-02-28,115.0,216.0,169.0,"7,896",200.0,True
2023-03-01,0.0,0.0,0.0,"7,896",0.0,True
2023-03-02,0.0,0.0,0.0,"7,896",0.0,True
2023-03-03,0.0,0.0,0.0,"7,896",0.0,True
2023-03-04,0.0,0.0,0.0,"7,896",0.0,True
2023-03-05,209.0,353.0,232.0,"8,704",267.0,True
2023-03-06,0.0,0.0,0.0,"8,704",0.0,True
2023-03-07,0.0,0.0,0.0,"8,704",0.0,True
2023-03-08,167.0,209.0,157.0,"8,294",339.0,True
2023-03-09,0.0,0.0,0.0,"8,294",0.0,True
2023-03-10,99.0,156.0,139.0,"10,818",287.0,True
2023-03-11,0.0,0.0,0.0,"10,818",0.0,True
2023-03-12,132.0,235.0,197.0,"10,579",417.0,True
2023-03-13,104.0,230.0,206.0,"7,567",249.0,True
2023-03-14,147.0,276.0,214.0,"7,810",181.0,True
2023-03-15,108.0,220.0,213.0,"7,915",286.0,True
2023-03-16,180.0,280.0,146.0,"7,989",308.0,True
2023-03-17,0.0,0.0,0.0,"7,989",0.0,True
2023-03-18,0.0,0.0,0.0,"7,989",0.0,True
2023-03-19,134.0,294.0,186.0,"7,885",306.0,True
2023-03-20,202.0,313.0,158.0,"7,931",279.0,True
2023-03-21,110.0,272.0,193.0,"8,050",221.0,True
2023-03-22,166.0,277.0,229.0,"8,097",246.0,True
2023-03-23,136.0,276.0,178.0,"8,102",331.0,True
2023-03-24,0.0,0.0,0.0,"8,102",0.0,True
2023-03-25,0.0,0.0,0.0,"8,102",0.0,True
2023-03-26,87.0,246.0,173.0,"7,847",352.0,True
2023-03-27,84.0,171.0,157.0,"7,994",235.0,True
2023-03-28,167.0,209.0,157.0,"8,079",223.0,True
2023-03-29,109.0,245.0,159.0,"8,208",267.0,True
2023-03-30,156.0,256.0,176.0,"8,158",359.0,True
2023-03-31,0.0,0.0,0.0,"8,158",0.0,True
2023-04-01,0.0,0.0,0.0,"8,158",0.0,True
2023-04-02,0.0,0.0,0.0,"8,158",0.0,True
2023-04-03,0.0,0.0,0.0,"8,158",0.0,True
2023-04-04,142.0,235.0,139.0,"8,068",259.0,True
2023-04-05,0.0,0.0,0.0,"8,068",0.0,True
2023-04-06,74.0,103.0,80.0,"6,555",292.0,True
2023-04-07,184.0,314.0,217.0,"6,127",124.0,True
2023-04-08,0.0,0.0,0.0,"6,127",0.0,True
2023-04-09,196.0,306.0,187.0,"9,988",293.0,True
2023-04-10,0.0,0.0,0.0,"9,988",0.0,True
2023-04-11,0.0,0.0,0.0,"9,988",0.0,True
2023-04-12,0.0,0.0,0.0,"9,988",0.0,True
2023-04-13,109.0,214.0,173.0,"7,795",370.0,True
2023-04-14,0.0,0.0,0.0,"7,795",0.0,True
2023-04-15,0.0,0.0,0.0,"7,795",0.0,True
2023-04-16,191.0,283.0,192.0,"7,380",272.0,True
2023-04-17,170.0,297.0,196.0,"7,344",248.0,True
2023-04-18,152.0,272.0,214.0,"7,376",234.0,True
2023-04-19,239.0,367.0,224.0,"7,356",229.0,True
2023-04-20,113.0,280.0,237.0,"7,490",320.0,True
2023-04-21,0.0,0.0,0.0,"7,490",0.0,True
2023-04-22,0.0,0.0,0.0,"7,490",0.0,True
2023-04-23,196.0,306.0,187.0,"7,534",266.0,True
2023-04-24,236.0,330.0,222.0,"7,796",213.0,True
2023-04-25,0.0,0.0,0.0,"7,796",0.0,True
2023-04-26,118.0,245.0,160.0,"8,117",256.0,True
2023-04-27,218.0,283.0,208.0,"8,159",310.0,True
2023-04-28,0.0,0.0,0.0,"8,159",0.0,True
2023-04-29,0.0,0.0,0.0,"8,159",0.0,True
2023-04-30,132.0,243.0,183.0,"8,352",293.0,True
2023-05-01,0.0,0.0,0.0,"8,352",0.0,True
2023-05-02,16.0,18.0,15.0,"7,586",342.0,True
2023-05-03,0.0,0.0,0.0,"7,586",0.0,True
2023-05-04,148.0,245.0,175.0,"8,175",260.0,True
2023-05-05,0.0,0.0,0.0,"8,175",0.0,True
2023-05-06,68.0,107.0,102.0,"6,523",189.0,True
2023-05-07,0.0,0.0,0.0,"6,523",0.0,True
2023-05-08,0.0,0.0,0.0,"6,523",0.0,True
2023-05-09,236.0,330.0,222.0,"10,142",243.0,True
2023-05-10,35.0,70.0,53.0,"11,130",427.0,True
2023-05-11,123.0,230.0,167.0,"9,273",370.0,True
2023-05-12,123.0,230.0,167.0,"10,761",261.0,True
2023-05-13,0.0,0.0,0.0,"10,761",0.0,True
2023-05-14,100.0,255.0,236.0,"8,445",288.0,True
2023-05-15,205.0,294.0,177.0,"8,571",277.0,True
2023-05-16,161.0,304.0,211.0,"8,572",272.0,True
2023-05-17,0.0,0.0,0.0,"8,572",0.0,True
2023-05-18,0.0,0.0,0.0,"8,572",0.0,True
2023-05-19,0.0,0.0,0.0,"8,572",0.0,True
2023-05-20,0.0,0.0,0.0,"8,572",0.0,True
2023-05-21,107.0,170.0,133.0,"7,826",343.0,True
2023-05-22,99.0,156.0,139.0,"7,848",240.0,True
2023-05-23,0.0,0.0,0.0,"7,848",0.0,True
2023-05-24,35.0,70.0,53.0,"7,709",276.0,True
2023-05-25,43.0,73.0,64.0,"7,546",408.0,True
2023-05-26,0.0,0.0,0.0,"7,546",0.0,True
2023-05-27,0.0,0.0,0.0,"7,546",0.0,True
2023-05-28,0.0,0.0,0.0,"7,546",0.0,True
2023-05-29,0.0,0.0,0.0,"7,546",0.0,True
2023-05-30,65.0,83.0,65.0,"7,046",168.0,True
2023-05-31,0.0,0.0,0.0,"7,046",0.0,True
2023-06-01,0.0,0.0,0.0,"7,046",0.0,True
2023-06-02,11.0,22.0,12.0,"7,720",196.0,True
2023-06-03,0.0,0.0,0.0,"7,720",0.0,True
2023-06-04,119.0,219.0,210.0,"8,178",284.0,True
2023-06-05,0.0,0.0,0.0,"8,178",0.0,True
2023-06-06,92.0,124.0,93.0,"6,508",187.0,True
2023-06-07,0.0,0.0,0.0,"6,508",0.0,True
2023-06-08,109.0,245.0,159.0,"8,298",322.0,True
2023-06-09,0.0,0.0,0.0,"8,298",0.0,True
2023-06-10,0.0,0.0,0.0,"8,298",0.0,True
2023-06-11,123.0,233.0,159.0,"9,286",316.0,True
2023-06-12,123.0,233.0,159.0,"10,832",376.0,True
2023-06-13,0.0,0.0,0.0,"10,832",0.0,True
2023-06-14,62.0,97.0,52.0,"6,065",167.0,True
2023-06-15,0.0,0.0,0.0,"6,065",0.0,True
2023-06-16,0.0,0.0,0.0,"6,065",0.0,True
2023-06-17,0.0,0.0,0.0,"6,065",0.0,True
2023-06-18,0.0,0.0,0.0,"6,065",0.0,True
2023-06-19,29.0,51.0,11.0,"5,679",142.0,True
2023-06-20,33.0,53.0,34.0,"5,904",134.0,True
2023-06-21,93.0,196.0,169.0,"5,922",149.0,True
2023-06-22,124.0,234.0,161.0,"5,956",207.0,True
2023-06-23,0.0,0.0,0.0,"5,956",0.0,True
2023-06-24,0.0,0.0,0.0,"5,956",0.0,True
2023-06-25,92.0,203.0,173.0,"5,766",263.0,True
2023-06-26,186.0,259.0,172.0,"5,819",174.0,True
2023-06-27,154.0,225.0,220.0,"5,917",155.0,True
2023-06-28,91.0,199.0,172.0,"5,999",174.0,True
2023-06-29,81.0,213.0,153.0,"6,058",213.0,True
2023-06-30,0.0,0.0,0.0,"6,058",0.0,True
2023-07-01,0.0,0.0,0.0,"6,058",0.0,True
2023-07-02,16.0,20.0,20.0,"7,855",200.0,True
2023-07-03,88.0,214.0,160.0,"7,859",259.0,True
2023-07-04,0.0,0.0,0.0,"7,859",0.0,True
2023-07-05,180.0,337.0,219.0,"8,485",375.0,True
2023-07-06,113.0,162.0,107.0,"6,483",208.0,True
2023-07-07,0.0,0.0,0.0,"6,483",0.0,True
2023-07-08,156.0,256.0,176.0,"8,493",202.0,True
2023-07-09,118.0,245.0,160.0,"10,419",398.0,True
2023-07-10,0.0,0.0,0.0,"10,419",0.0,True
2023-07-11,141.0,232.0,188.0,"9,483",231.0,True
2023-07-12,141.0,232.0,188.0,"10,897",466.0,True
2023-07-13,130.0,227.0,192.0,"6,604",226.0,True
2023-07-14,0.0,0.0,0.0,"6,604",0.0,True
2023-07-15,0.0,0.0,0.0,"6,604",0.0,True
2023-07-16,88.0,214.0,160.0,"6,468",218.0,True
2023-07-17,113.0,208.0,159.0,"6,632",160.0,True
2023-07-18,174.0,285.0,150.0,"6,874",181.0,True
2023-07-19,104.0,230.0,206.0,"7,001",226.0,True
2023-07-20,147.0,276.0,214.0,"7,116",281.0,True
2023-07-21,0.0,0.0,0.0,"7,116",0.0,True
2023-07-22,0.0,0.0,0.0,"7,116",0.0,True
2023-07-23,108.0,220.0,213.0,"7,052",276.0,True
2023-07-24,180.0,280.0,146.0,"7,220",187.0,True
2023-07-25,134.0,294.0,186.0,"7,510",136.0,True
2023-07-26,202.0,313.0,158.0,"7,647",215.0,True
2023-07-27,110.0,272.0,193.0,"7,754",259.0,True
2023-07-28,0.0,0.0,0.0,"7,754",0.0,True
2023-07-29,0.0,0.0,0.0,"7,754",0.0,True
2023-07-30,166.0,277.0,229.0,"7,671",305.0,True
2023-07-31,136.0,276.0,178.0,"7,800",220.0,True
2023-08-01,0.0,0.0,0.0,"7,800",0.0,True
2023-08-02,93.0,196.0,169.0,"7,915",317.0,True
2023-08-03,113.0,208.0,159.0,"7,885",291.0,True
2023-08-04,0.0,0.0,0.0,"7,885",0.0,True
2023-08-05,133.0,287.0,189.0,"8,590",261.0,True
2023-08-06,106.0,196.0,131.0,"6,446",255.0,True
2023-08-07,0.0,0.0,0.0,"6,446",0.0,True
2023-08-08,125.0,232.0,192.0,"8,725",207.0,True
2023-08-09,0.0,0.0,0.0,"8,725",0.0,True
2023-08-10,0.0,0.0,0.0,"8,725",0.0,True
2023-08-11,158.0,226.0,191.0,"9,634",310.0,True
2023-08-12,0.0,0.0,0.0,"9,634",0.0,True
2023-08-13,0.0,0.0,0.0,"9,634",0.0,True
2023-08-14,0.0,0.0,0.0,"9,634",0.0,True
2023-08-15,0.0,0.0,0.0,"9,634",0.0,True
2023-08-16,148.0,245.0,175.0,"9,634",288.0,True
2023-08-17,119.0,219.0,210.0,"9,694",407.0,True
2023-08-18,0.0,0.0,0.0,"9,694",0.0,True
2023-08-19,0.0,0.0,0.0,"9,694",0.0,True
2023-08-20,105.0,210.0,149.0,"9,483",390.0,True
2023-08-21,143.0,203.0,163.0,"9,668",281.0,True
2023-08-22,119.0,209.0,152.0,"9,921",230.0,True
2023-08-23,155.0,212.0,181.0,"10,071",285.0,True
2023-08-24,109.0,214.0,173.0,"10,026",443.0,True
2023-08-25,0.0,0.0,0.0,"10,026",0.0,True
2023-08-26,0.0,0.0,0.0,"10,026",0.0,True
2023-08-27,191.0,283.0,192.0,"9,873",488.0,True
2023-08-28,170.0,297.0,196.0,"10,012",388.0,True
2023-08-29,152.0,272.0,214.0,"10,180",286.0,True
2023-08-30,239.0,367.0,224.0,"10,280",366.0,True
2023-08-31,113.0,280.0,237.0,"10,140",505.0,True
2023-09-01,0.0,0.0,0.0,"10,140",0.0,True
2023-09-02,124.0,234.0,161.0,"7,908",353.0,True
2023-09-03,174.0,285.0,150.0,"7,786",340.0,True
2023-09-04,105.0,210.0,149.0,"7,900",329.0,True
2023-09-05,187.0,310.0,247.0,"8,606",250.0,True
2023-09-06,0.0,0.0,0.0,"8,606",0.0,True
2023-09-07,99.0,190.0,176.0,"6,214",196.0,True
2023-09-08,0.0,0.0,0.0,"6,214",0.0,True
2023-09-09,0.0,0.0,0.0,"6,214",0.0,True
2023-09-10,43.0,73.0,64.0,"10,815",282.0,True
2023-09-11,0.0,0.0,0.0,"10,815",0.0,True
2023-09-12,0.0,0.0,0.0,"10,815",0.0,True
2023-09-13,167.0,326.0,213.0,"10,678",343.0,True
2023-09-14,209.0,353.0,232.0,"10,837",414.0,True
2023-09-15,0.0,0.0,0.0,"10,837",0.0,True
2023-09-16,0.0,0.0,0.0,"10,837",0.0,True
2023-09-17,0.0,0.0,0.0,"10,837",0.0,True
2023-09-18,180.0,337.0,219.0,"10,892",313.0,True
2023-09-19,133.0,287.0,189.0,"11,095",260.0,True
2023-09-20,187.0,310.0,247.0,"11,064",364.0,True
2023-09-21,168.0,285.0,210.0,"11,067",428.0,True
2023-09-22,0.0,0.0,0.0,"11,067",0.0,True
2023-09-23,0.0,0.0,0.0,"11,067",0.0,True
2023-09-24,269.0,412.0,204.0,"10,744",403.0,True
2023-09-25,100.0,255.0,236.0,"10,842",284.0,True
2023-09-26,205.0,294.0,177.0,"10,978",332.0,True
2023-09-27,161.0,304.0,211.0,"11,017",331.0,True
2023-09-28,0.0,0.0,0.0,"11,017",0.0,True
2023-09-29,0.0,0.0,0.0,"11,017",0.0,True
2023-09-30,0.0,0.0,0.0,"11,017",0.0,True
2023-10-01,0.0,0.0,0.0,"11,017",0.0,True
2023-10-02,0.0,0.0,0.0,"11,017",0.0,True
2023-10-03,0.0,0.0,0.0,"11,017",0.0,True
2023-10-04,143.0,203.0,163.0,"7,826",265.0,True
2023-10-05,168.0,285.0,210.0,"8,681",304.0,True
2023-10-06,0.0,0.0,0.0,"8,681",0.0,True
2023-10-07,167.0,239.0,166.0,"6,346",163.0,True
2023-10-08,142.0,235.0,139.0,"8,914",353.0,True
2023-10-09,218.0,283.0,208.0,"10,282",382.0,True
2023-10-10,0.0,0.0,0.0,"10,282",0.0,True
2023-10-11,0.0,0.0,0.0,"10,282",0.0,True
2023-10-12,158.0,226.0,191.0,"10,871",411.0,True
2023-10-13,0.0,0.0,0.0,"10,871",0.0,True
2023-10-14,0.0,0.0,0.0,"10,871",0.0,True
2023-10-15,56.0,82.0,68.0,"10,571",434.0,True
2023-10-16,74.0,103.0,80.0,"10,629",331.0,True
2023-10-17,68.0,107.0,102.0,"10,630",315.0,True
2023-10-18,92.0,124.0,93.0,"10,511",393.0,True
2023-10-19,113.0,162.0,107.0,"10,319",406.0,True
2023-10-20,0.0,0.0,0.0,"10,319",0.0,True
2023-10-21,0.0,0.0,0.0,"10,319",0.0,True
2023-10-22,106.0,196.0,131.0,"9,506",454.0,True
2023-10-23,0.0,0.0,0.0,"9,506",0.0,True
2023-10-24,0.0,0.0,0.0,"9,506",0.0,True
2023-10-25,0.0,0.0,0.0,"9,506",0.0,True
2023-10-26,62.0,97.0,52.0,"9,235",390.0,True
2023-10-27,0.0,0.0,0.0,"9,235",0.0,True
2023-10-28,0.0,0.0,0.0,"9,235",0.0,True
2023-10-29,0.0,0.0,0.0,"9,235",0.0,True
2023-10-30,29.0,51.0,11.0,"9,026",278.0,True
2023-10-31,33.0,53.0,34.0,"9,072",295.0,True
2023-11-01,0.0,0.0,0.0,"9,072",0.0,True
2023-11-02,0.0,0.0,0.0,"9,072",0.0,True
2023-11-03,0.0,0.0,0.0,"9,072",0.0,True
2023-11-04,119.0,209.0,152.0,"7,922",187.0,True
2023-11-05,269.0,412.0,204.0,"8,672",392.0,True
2023-11-06,0.0,0.0,0.0,"8,672",0.0,True
2023-11-07,115.0,216.0,169.0,"6,498",143.0,True
2023-11-08,0.0,0.0,0.0,"6,498",0.0,True
2023-11-09,132.0,243.0,183.0,"10,492",277.0,True
2023-11-10,65.0,83.0,65.0,"10,960",266.0,True
2023-11-11,0.0,0.0,0.0,"10,960",0.0,True
2023-11-12,0.0,0.0,0.0,"10,960",0.0,True
2023-11-13,141.0,173.0,129.0,"9,510",287.0,True
2023-11-14,0.0,0.0,0.0,"9,510",0.0,True
2023-11-15,0.0,0.0,0.0,"9,510",0.0,True
2023-11-16,80.0,176.0,125.0,"9,762",374.0,True
2023-11-17,0.0,0.0,0.0,"9,762",0.0,True
2023-11-18,0.0,0.0,0.0,"9,762",0.0,True
2023-11-19,116.0,188.0,164.0,"9,573",435.0,True
2023-11-20,105.0,185.0,158.0,"9,638",298.0,True
2023-11-21,136.0,246.0,123.0,"9,804",250.0,True
2023-11-22,0.0,0.0,0.0,"9,804",0.0,True
2023-11-23,128.0,228.0,177.0,"9,838",283.0,True
2023-11-24,0.0,0.0,0.0,"9,838",0.0,True
2023-11-25,0.0,0.0,0.0,"9,838",0.0,True
2023-11-26,0.0,0.0,0.0,"9,838",0.0,True
2023-11-27,56.0,82.0,68.0,"10,123",214.0,True
2023-11-28,74.0,103.0,80.0,"10,223",223.0,True
2023-11-29,68.0,107.0,102.0,"10,398",284.0,True
2023-11-30,92.0,124.0,93.0,"10,536",320.0,True
2023-12-01,33.0,53.0,34.0,"6,566",436.0,True
2023-12-02,92.0,203.0,173.0,"7,434",317.0,True
2023-12-03,0.0,0.0,0.0,"7,434",0.0,True
2023-12-04,155.0,212.0,181.0,"7,876",283.0,True
2023-12-05,0.0,0.0,0.0,"7,876",0.0,True
2023-12-06,0.0,0.0,0.0,"7,876",0.0,True
2023-12-07,0.0,0.0,0.0,"7,876",0.0,True
2023-12-08,0.0,0.0,0.0,"7,876",0.0,True
2023-12-09,224.0,315.0,152.0,"10,649",316.0,True
2023-12-10,0.0,0.0,0.0,"10,649",0.0,True
2023-12-11,0.0,0.0,0.0,"10,649",0.0,True
2023-12-12,141.0,173.0,129.0,"11,077",259.0,True
2023-12-13,0.0,0.0,0.0,"11,077",0.0,True
2023-12-14,0.0,0.0,0.0,"11,077",0.0,True
2023-12-15,0.0,0.0,0.0,"11,077",0.0,True
2023-12-16,0.0,0.0,0.0,"11,077",0.0,True
2023-12-17,80.0,176.0,125.0,"11,092",456.0,True
2023-12-18,116.0,188.0,164.0,"11,149",364.0,True
2023-12-19,105.0,185.0,158.0,"11,291",272.0,True
2023-12-20,136.0,246.0,123.0,"11,516",390.0,True
2023-12-21,128.0,228.0,177.0,"11,375",497.0,True
2023-12-22,0.0,0.0,0.0,"11,375",0.0,True
2023-12-23,0.0,0.0,0.0,"11,375",0.0,True
2023-12-24,0.0,0.0,0.0,"11,375",0.0,True
2023-12-25,0.0,0.0,0.0,"11,375",0.0,True
2023-12-26,56.0,82.0,68.0,"11,217",288.0,True
2023-12-27,74.0,103.0,80.0,"11,206",335.0,True
2023-12-28,68.0,107.0,102.0,"11,230",357.0,True
2023-12-29,0.0,0.0,0.0,"11,230",0.0,True
2023-12-30,0.0,0.0,0.0,"11,230",0.0,True
2023-12-31,0.0,0.0,0.0,"11,230",0.0,True
2024-01-01,92.0,124.0,93.0,"10,870",290.0,True
2024-01-02,222.0,459.0,289.0,"8,026",337.0,True
2024-01-03,0.0,0.0,0.0,"8,026",0.0,True
2024-01-04,109.0,235.0,171.0,"7,271",172.0,True
2024-01-05,197.0,437.0,295.0,"7,508",190.0,True
2024-01-06,0.0,0.0,0.0,"7,508",0.0,True
2024-01-07,123.0,233.0,159.0,"6,825",229.0,True
2024-01-08,227.0,298.0,212.0,"6,016",169.0,True
2024-01-09,0.0,0.0,0.0,"6,016",0.0,True
2024-01-10,184.0,314.0,217.0,"6,040",137.0,True
2024-01-11,0.0,0.0,0.0,"6,040",0.0,True
2024-01-12,196.0,306.0,187.0,"5,986",149.0,True
2024-01-13,0.0,0.0,0.0,"5,986",0.0,True
2024-01-14,0.0,0.0,0.0,"5,986",0.0,True
2024-01-15,33.0,53.0,34.0,"8,033",234.0,True
2024-01-16,32.0,49.0,39.0,"8,133",188.0,True
2024-01-17,80.0,176.0,125.0,"8,072",353.0,True
2024-01-18,116.0,188.0,164.0,"8,042",359.0,True
2024-01-19,0.0,0.0,0.0,"8,042",0.0,True
2024-01-20,0.0,0.0,0.0,"8,042",0.0,True
2024-01-21,105.0,185.0,158.0,"7,974",371.0,True
2024-01-22,136.0,246.0,123.0,"8,008",222.0,True
2024-01-23,128.0,228.0,177.0,"8,133",202.0,True
2024-01-24,0.0,0.0,0.0,"8,133",0.0,True
2024-01-25,102.0,189.0,155.0,"8,180",293.0,True
2024-01-26,0.0,0.0,0.0,"8,180",0.0,True
2024-01-27,0.0,0.0,0.0,"8,180",0.0,True
2024-01-28,120.0,257.0,126.0,"8,004",307.0,True
2024-01-29,137.0,272.0,166.0,"8,057",195.0,True
2024-01-30,0.0,0.0,0.0,"8,057",0.0,True
2024-01-31,203.0,477.0,258.0,"8,153",266.0,True
2024-02-01,113.0,162.0,107.0,"10,770",316.0,True
2024-02-02,0.0,0.0,0.0,"10,770",0.0,True
2024-02-03,0.0,0.0,0.0,"10,770",0.0,True
2024-02-04,101.0,230.0,175.0,"7,340",132.0,True
2024-02-05,206.0,411.0,293.0,"7,577",194.0,True
2024-02-06,159.0,330.0,322.0,"7,546",306.0,True
2024-02-07,141.0,232.0,188.0,"6,823",184.0,True
2024-02-08,0.0,0.0,0.0,"6,823",0.0,True
2024-02-09,133.0,270.0,198.0,"6,192",129.0,True
2024-02-10,0.0,0.0,0.0,"6,192",0.0,True
2024-02-11,0.0,0.0,0.0,"6,192",0.0,True
2024-02-12,236.0,330.0,222.0,"6,061",115.0,True
2024-02-13,227.0,369.0,349.0,"8,348",160.0,True
2024-02-14,185.0,322.0,272.0,"8,512",230.0,True
2024-02-15,333.0,508.0,272.0,"8,463",312.0,True
2024-02-16,0.0,0.0,0.0,"8,463",0.0,True
2024-02-17,0.0,0.0,0.0,"8,463",0.0,True
2024-02-18,0.0,0.0,0.0,"8,463",0.0,True
2024-02-19,249.0,420.0,371.0,"8,380",218.0,True
2024-02-20,149.0,395.0,273.0,"8,488",192.0,True
2024-02-21,232.0,430.0,318.0,"8,573",231.0,True
2024-02-22,165.0,400.0,292.0,"8,607",293.0,True
2024-02-23,0.0,0.0,0.0,"8,607",0.0,True
2024-02-24,0.0,0.0,0.0,"8,607",0.0,True
2024-02-25,244.0,482.0,366.0,"8,404",329.0,True
2024-02-26,199.0,438.0,326.0,"8,404",329.0,True
2024-02-27,197.0,369.0,306.0,"8,650",206.0,True
2024-02-28,209.0,447.0,274.0,"8,699",257.0,True
2024-02-29,262.0,444.0,354.0,"8,724",299.0,True
2024-03-01,106.0,196.0,131.0,"10,718",263.0,True
2024-03-02,0.0,0.0,0.0,"10,718",0.0,True
2024-03-03,236.0,468.0,347.0,"8,594",354.0,True
2024-03-04,124.0,230.0,190.0,"7,346",163.0,True
2024-03-05,0.0,0.0,0.0,"7,346",0.0,True
2024-03-06,0.0,0.0,0.0,"7,346",0.0,True
2024-03-07,0.0,0.0,0.0,"7,346",0.0,True
2024-03-08,0.0,0.0,0.0,"7,346",0.0,True
2024-03-09,131.0,263.0,177.0,"6,272",112.0,True
2024-03-10,0.0,0.0,0.0,"6,272",0.0,True
2024-03-11,84.0,171.0,157.0,"5,990",184.0,True
2024-03-12,0.0,0.0,0.0,"5,990",0.0,True
2024-03-13,165.0,358.0,167.0,"8,819",239.0,True
2024-03-14,166.0,301.0,252.0,"8,695",310.0,True
2024-03-15,0.0,0.0,0.0,"8,695",0.0,True
2024-03-16,0.0,0.0,0.0,"8,695",0.0,True
2024-03-17,127.0,260.0,259.0,"8,373",342.0,True
2024-03-18,123.0,243.0,188.0,"8,333",283.0,True
2024-03-19,0.0,0.0,0.0,"8,333",0.0,True
2024-03-20,91.0,181.0,174.0,"8,365",227.0,True
2024-03-21,132.0,261.0,141.0,"8,292",235.0,True
2024-03-22,0.0,0.0,0.0,"8,292",0.0,True
2024-03-23,0.0,0.0,0.0,"8,292",0.0,True
2024-03-24,124.0,264.0,221.0,"7,899",373.0,True
2024-03-25,128.0,242.0,224.0,"7,899",229.0,True
2024-03-26,187.0,276.0,200.0,"7,919",208.0,True
2024-03-27,129.0,287.0,185.0,"7,893",215.0,True
2024-03-28,161.0,288.0,248.0,"7,762",360.0,True
2024-03-29,0.0,0.0,0.0,"7,762",0.0,True
2024-03-30,0.0,0.0,0.0,"7,762",0.0,True
2024-03-31,105.0,254.0,151.0,"7,257",287.0,True
2024-04-01,0.0,0.0,0.0,"7,257",0.0,True
2024-04-02,253.0,531.0,248.0,"7,813",342.0,True
2024-04-03,225.0,509.0,340.0,"8,660",229.0,True
2024-04-04,95.0,226.0,152.0,"7,317",225.0,True
2024-04-05,0.0,0.0,0.0,"7,317",0.0,True
2024-04-06,260.0,356.0,176.0,"7,565",203.0,True
2024-04-07,158.0,226.0,191.0,"6,790",225.0,True
2024-04-08,63.0,167.0,143.0,"5,943",170.0,True
2024-04-09,121.0,231.0,219.0,"6,375",114.0,True
2024-04-10,0.0,0.0,0.0,"6,375",0.0,True
2024-04-11,167.0,209.0,157.0,"6,007",132.0,True
2024-04-12,118.0,245.0,160.0,"6,269",115.0,True
2024-04-13,0.0,0.0,0.0,"6,269",0.0,True
2024-04-14,128.0,245.0,243.0,"6,630",290.0,True
2024-04-15,144.0,303.0,176.0,"6,681",191.0,True
2024-04-16,219.0,392.0,205.0,"6,685",163.0,True
2024-04-17,182.0,371.0,274.0,"6,725",227.0,True
2024-04-18,144.0,322.0,258.0,"6,728",260.0,True
2024-04-19,0.0,0.0,0.0,"6,728",0.0,True
2024-04-20,0.0,0.0,0.0,"6,728",0.0,True
2024-04-21,208.0,380.0,343.0,"6,745",240.0,True
2024-04-22,176.0,424.0,251.0,"6,799",214.0,True
2024-04-23,252.0,427.0,307.0,"6,967",134.0,True
2024-04-24,253.0,411.0,307.0,"7,128",154.0,True
2024-04-25,145.0,357.0,333.0,"7,209",217.0,True
2024-04-26,0.0,0.0,0.0,"7,209",0.0,True
2024-04-27,0.0,0.0,0.0,"7,209",0.0,True
2024-04-28,0.0,0.0,0.0,"7,209",0.0,True
2024-04-29,140.0,292.0,255.0,"7,373",187.0,True
2024-04-30,220.0,443.0,194.0,"7,431",135.0,True
2024-05-01,0.0,0.0,0.0,"7,431",0.0,True
2024-05-02,157.0,466.0,345.0,"7,872",242.0,True
2024-05-03,246.0,472.0,345.0,"8,800",214.0,True
2024-05-04,0.0,0.0,0.0,"8,800",0.0,True
2024-05-05,150.0,315.0,228.0,"7,447",332.0,True
2024-05-06,173.0,345.0,291.0,"7,691",198.0,True
2024-05-07,0.0,0.0,0.0,"7,691",0.0,True
2024-05-08,172.0,259.0,138.0,"5,950",150.0,True
2024-05-09,126.0,230.0,175.0,"6,448",121.0,True
2024-05-10,0.0,0.0,0.0,"6,448",0.0,True
2024-05-11,109.0,245.0,159.0,"6,045",126.0,True
2024-05-12,218.0,283.0,208.0,"6,310",150.0,True
2024-05-13,112.0,331.0,167.0,"7,499",157.0,True
2024-05-14,246.0,419.0,218.0,"7,546",186.0,True
2024-05-15,0.0,0.0,0.0,"7,546",0.0,True
2024-05-16,206.0,340.0,214.0,"7,565",234.0,True
2024-05-17,0.0,0.0,0.0,"7,565",0.0,True
2024-05-18,0.0,0.0,0.0,"7,565",0.0,True
2024-05-19,143.0,295.0,278.0,"7,356",298.0,True
2024-05-20,111.0,268.0,217.0,"7,368",192.0,True
2024-05-21,196.0,348.0,176.0,"7,404",145.0,True
2024-05-22,168.0,349.0,272.0,"7,474",208.0,True
2024-05-23,0.0,0.0,0.0,"7,474",0.0,True
2024-05-24,0.0,0.0,0.0,"7,474",0.0,True
2024-05-25,0.0,0.0,0.0,"7,474",0.0,True
2024-05-26,0.0,0.0,0.0,"7,474",0.0,True
2024-05-27,156.0,344.0,252.0,"7,365",167.0,True
2024-05-28,153.0,348.0,239.0,"7,418",151.0,True
2024-05-29,182.0,462.0,158.0,"7,491",141.0,True
2024-05-30,167.0,406.0,339.0,"7,563",190.0,True
2024-05-31,0.0,0.0,0.0,"7,563",0.0,True
2024-06-01,0.0,0.0,0.0,"7,563",0.0,True
2024-06-02,291.0,455.0,323.0,"8,045",178.0,True
2024-06-03,230.0,457.0,277.0,"8,870",232.0,True
2024-06-04,0.0,0.0,0.0,"8,870",0.0,True
2024-06-05,173.0,337.0,211.0,"7,449",205.0,True
2024-06-06,179.0,326.0,282.0,"7,741",238.0,True
2024-06-07,0.0,0.0,0.0,"7,741",0.0,True
2024-06-08,163.0,283.0,200.0,"5,998",143.0,True
2024-06-09,0.0,0.0,0.0,"5,998",0.0,True
2024-06-10,0.0,0.0,0.0,"5,998",0.0,True
2024-06-11,156.0,256.0,176.0,"6,086",137.0,True
2024-06-12,0.0,0.0,0.0,"6,086",0.0,True
2024-06-13,167.0,293.0,230.0,"7,544",259.0,True
2024-06-14,0.0,0.0,0.0,"7,544",0.0,True
2024-06-15,0.0,0.0,0.0,"7,544",0.0,True
2024-06-16,204.0,315.0,233.0,"7,307",294.0,True
2024-06-17,159.0,310.0,272.0,"7,318",224.0,True
2024-06-18,160.0,297.0,253.0,"7,340",214.0,True
2024-06-19,204.0,321.0,246.0,"7,433",198.0,True
2024-06-20,145.0,247.0,243.0,"7,431",235.0,True
2024-06-21,0.0,0.0,0.0,"7,431",0.0,True
2024-06-22,0.0,0.0,0.0,"7,431",0.0,True
2024-06-23,102.0,227.0,201.0,"7,247",294.0,True
2024-06-24,116.0,175.0,172.0,"7,239",202.0,True
2024-06-25,172.0,263.0,191.0,"7,239",202.0,True
2024-06-26,132.0,235.0,197.0,"7,268",187.0,True
2024-06-27,0.0,0.0,0.0,"7,268",0.0,True
2024-06-28,0.0,0.0,0.0,"7,268",0.0,True
2024-06-29,0.0,0.0,0.0,"7,268",0.0,True
2024-06-30,123.0,230.0,167.0,"6,874",273.0,True
2024-07-01,0.0,0.0,0.0,"6,874",0.0,True
2024-07-02,227.0,453.0,330.0,"8,160",222.0,True
2024-07-03,181.0,424.0,328.0,"8,902",305.0,True
2024-07-04,106.0,239.0,233.0,"6,982",279.0,True
2024-07-05,176.0,334.0,246.0,"7,566",163.0,True
2024-07-06,0.0,0.0,0.0,"7,566",0.0,True
2024-07-07,0.0,0.0,0.0,"7,566",0.0,True
2024-07-08,135.0,273.0,207.0,"6,038",174.0,True
2024-07-09,0.0,0.0,0.0,"6,038",0.0,True
2024-07-10,99.0,190.0,176.0,"5,968",153.0,True
2024-07-11,125.0,232.0,192.0,"6,084",177.0,True
2024-07-12,0.0,0.0,0.0,"6,084",0.0,True
2024-07-13,0.0,0.0,0.0,"6,084",0.0,True
2024-07-14,116.0,188.0,164.0,"6,308",237.0,True
2024-07-15,105.0,185.0,158.0,"6,283",171.0,True
2024-07-16,136.0,246.0,123.0,"6,239",173.0,True
2024-07-17,128.0,228.0,177.0,"6,228",187.0,True
2024-07-18,0.0,0.0,0.0,"6,228",0.0,True
2024-07-19,0.0,0.0,0.0,"6,228",0.0,True
2024-07-20,0.0,0.0,0.0,"6,228",0.0,True
2024-07-21,0.0,0.0,0.0,"6,228",0.0,True
2024-07-22,102.0,189.0,155.0,"6,002",234.0,True
2024-07-23,120.0,257.0,126.0,"5,965",170.0,True
2024-07-24,137.0,272.0,166.0,"5,927",177.0,True
2024-07-25,0.0,0.0,0.0,"5,927",0.0,True
2024-07-26,0.0,0.0,0.0,"5,927",0.0,True
2024-07-27,0.0,0.0,0.0,"5,927",0.0,True
2024-07-28,152.0,290.0,199.0,"5,743",207.0,True
2024-07-29,0.0,0.0,0.0,"5,743",0.0,True
2024-07-30,0.0,0.0,0.0,"5,743",0.0,True
2024-07-31,140.0,261.0,163.0,"5,963",154.0,True
2024-08-01,0.0,0.0,0.0,"5,963",0.0,True
2024-08-02,298.0,499.0,358.0,"8,188",315.0,True
2024-08-03,0.0,0.0,0.0,"8,188",0.0,True
2024-08-04,102.0,230.0,167.0,"6,988",199.0,True
2024-08-05,167.0,374.0,205.0,"7,583",202.0,True
2024-08-06,0.0,0.0,0.0,"7,583",0.0,True
2024-08-07,141.0,173.0,129.0,"6,617",123.0,True
2024-08-08,119.0,230.0,213.0,"6,084",174.0,True
2024-08-09,123.0,255.0,164.0,"6,312",221.0,True
2024-08-10,167.0,239.0,166.0,"6,013",123.0,True
2024-08-11,0.0,0.0,0.0,"6,013",0.0,True
2024-08-12,132.0,243.0,183.0,"6,286",172.0,True
2024-08-13,162.0,239.0,189.0,"5,981",123.0,True
2024-08-14,109.0,226.0,191.0,"5,987",178.0,True
2024-08-15,124.0,241.0,156.0,"5,895",220.0,True
2024-08-16,0.0,0.0,0.0,"5,895",0.0,True
2024-08-17,0.0,0.0,0.0,"5,895",0.0,True
2024-08-18,86.0,244.0,235.0,"5,821",178.0,True
2024-08-19,176.0,254.0,162.0,"5,865",158.0,True
2024-08-20,136.0,274.0,245.0,"5,995",112.0,True
2024-08-21,134.0,245.0,167.0,"6,028",156.0,True
2024-08-22,182.0,307.0,205.0,"6,054",171.0,True
2024-08-23,0.0,0.0,0.0,"6,054",0.0,True
2024-08-24,0.0,0.0,0.0,"6,054",0.0,True
2024-08-25,0.0,0.0,0.0,"6,054",0.0,True
2024-08-26,0.0,0.0,0.0,"6,054",0.0,True
2024-08-27,149.0,285.0,222.0,"6,152",97.0,True
2024-08-28,170.0,285.0,178.0,"6,227",134.0,True
2024-08-29,145.0,295.0,188.0,"6,250",169.0,True
2024-08-30,0.0,0.0,0.0,"6,250",0.0,True
2024-08-31,0.0,0.0,0.0,"6,250",0.0,True
2024-09-01,62.0,97.0,52.0,"9,311",286.0,True
2024-09-02,0.0,0.0,0.0,"9,311",0.0,True
2024-09-03,0.0,0.0,0.0,"9,311",0.0,True
2024-09-04,118.0,231.0,217.0,"7,043",130.0,True
2024-09-05,138.0,285.0,268.0,"7,570",244.0,True
2024-09-06,116.0,289.0,166.0,"7,451",312.0,True
2024-09-07,0.0,0.0,0.0,"7,451",0.0,True
2024-09-08,0.0,0.0,0.0,"7,451",0.0,True
2024-09-09,144.0,275.0,190.0,"6,353",141.0,True
2024-09-10,115.0,216.0,169.0,"6,047",137.0,True
2024-09-11,0.0,0.0,0.0,"6,047",0.0,True
2024-09-12,224.0,315.0,152.0,"6,268",174.0,True
2024-09-13,0.0,0.0,0.0,"6,268",0.0,True
2024-09-14,0.0,0.0,0.0,"6,268",0.0,True
2024-09-15,98.0,220.0,167.0,"6,234",210.0,True
2024-09-16,113.0,209.0,160.0,"6,229",164.0,True
2024-09-17,159.0,304.0,139.0,"6,227",160.0,True
2024-09-18,0.0,0.0,0.0,"6,227",0.0,True
2024-09-19,93.0,196.0,169.0,"6,270",188.0,True
2024-09-20,0.0,0.0,0.0,"6,270",0.0,True
2024-09-21,0.0,0.0,0.0,"6,270",0.0,True
2024-09-22,124.0,234.0,161.0,"5,989",197.0,True
2024-09-23,92.0,203.0,173.0,"6,002",165.0,True
2024-09-24,186.0,259.0,172.0,"6,023",143.0,True
2024-09-25,154.0,225.0,220.0,"6,050",169.0,True
2024-09-26,91.0,199.0,172.0,"6,090",185.0,True
2024-09-27,0.0,0.0,0.0,"6,090",0.0,True
2024-09-28,0.0,0.0,0.0,"6,090",0.0,True
2024-09-29,81.0,213.0,153.0,"5,925",177.0,True
2024-09-30,209.0,285.0,184.0,"5,967",138.0,True
2024-10-01,0.0,0.0,0.0,"5,967",0.0,True
2024-10-02,0.0,0.0,0.0,"5,967",0.0,True
2024-10-03,190.0,368.0,326.0,"8,714",373.0,True
2024-10-04,117.0,244.0,142.0,"6,999",227.0,True
2024-10-05,0.0,0.0,0.0,"6,999",0.0,True
2024-10-06,184.0,334.0,229.0,"7,439",212.0,True
2024-10-07,0.0,0.0,0.0,"7,439",0.0,True
2024-10-08,0.0,0.0,0.0,"7,439",0.0,True
2024-10-09,131.0,251.0,180.0,"6,396",148.0,True
2024-10-10,0.0,0.0,0.0,"6,396",0.0,True
2024-10-11,0.0,0.0,0.0,"6,396",0.0,True
2024-10-12,167.0,326.0,213.0,"6,310",149.0,True
2024-10-13,130.0,227.0,192.0,"5,889",210.0,True
2024-10-14,88.0,214.0,160.0,"5,935",106.0,True
2024-10-15,113.0,208.0,159.0,"6,013",107.0,True
2024-10-16,174.0,285.0,150.0,"6,036",129.0,True
2024-10-17,104.0,230.0,206.0,"6,076",160.0,True
2024-10-18,0.0,0.0,0.0,"6,076",0.0,True
2024-10-19,0.0,0.0,0.0,"6,076",0.0,True
2024-10-20,147.0,276.0,214.0,"5,918",195.0,True
2024-10-21,108.0,220.0,213.0,"5,966",154.0,True
2024-10-22,180.0,280.0,146.0,"6,043",109.0,True
2024-10-23,134.0,294.0,186.0,"6,077",138.0,True
2024-10-24,0.0,0.0,0.0,"6,077",0.0,True
2024-10-25,0.0,0.0,0.0,"6,077",0.0,True
2024-10-26,0.0,0.0,0.0,"6,077",0.0,True
2024-10-27,202.0,313.0,158.0,"5,974",192.0,True
2024-10-28,110.0,272.0,193.0,"6,008",156.0,True
2024-10-29,166.0,277.0,229.0,"6,106",126.0,True
2024-10-30,136.0,276.0,178.0,"6,149",160.0,True
2024-10-31,87.0,246.0,173.0,"6,148",177.0,True
2024-11-01,29.0,51.0,11.0,"8,829",476.0,True
2024-11-02,205.0,515.0,226.0,"8,056",347.0,True
2024-11-03,178.0,336.0,290.0,"8,757",253.0,True
2024-11-04,183.0,221.0,220.0,"6,912",285.0,True
2024-11-05,0.0,0.0,0.0,"6,912",0.0,True
2024-11-06,186.0,352.0,224.0,"7,493",156.0,True
2024-11-07,80.0,176.0,125.0,"6,640",197.0,True
2024-11-08,95.0,211.0,140.0,"5,894",249.0,True
2024-11-09,93.0,248.0,175.0,"6,410",162.0,True
2024-11-10,0.0,0.0,0.0,"6,410",0.0,True
2024-11-11,0.0,0.0,0.0,"6,410",0.0,True
2024-11-12,209.0,353.0,232.0,"6,402",152.0,True
2024-11-13,148.0,245.0,175.0,"5,966",151.0,True
2024-11-14,119.0,219.0,210.0,"6,025",172.0,True
2024-11-15,0.0,0.0,0.0,"6,025",0.0,True
2024-11-16,0.0,0.0,0.0,"6,025",0.0,True
2024-11-17,105.0,210.0,149.0,"5,816",195.0,True
2024-11-18,143.0,203.0,163.0,"5,819",138.0,True
2024-11-19,119.0,209.0,152.0,"5,844",146.0,True
2024-11-20,155.0,212.0,181.0,"5,879",148.0,True
2024-11-21,109.0,214.0,173.0,"5,850",210.0,True
2024-11-22,0.0,0.0,0.0,"5,850",0.0,True
2024-11-23,0.0,0.0,0.0,"5,850",0.0,True
2024-11-24,191.0,283.0,192.0,"5,664",207.0,True
2024-11-25,170.0,297.0,196.0,"5,715",129.0,True
2024-11-26,152.0,272.0,214.0,"5,826",112.0,True
2024-11-27,239.0,367.0,224.0,"5,862",211.0,True
2024-11-28,113.0,280.0,237.0,"5,963",143.0,True
2024-11-29,0.0,0.0,0.0,"5,963",0.0,True
2024-11-30,0.0,0.0,0.0,"5,963",0.0,True
2024-12-01,0.0,0.0,0.0,"5,963",0.0,True
2024-12-02,0.0,0.0,0.0,"5,963",0.0,True
2024-12-03,154.0,294.0,290.0,"8,843",213.0,True
2024-12-04,0.0,0.0,0.0,"8,843",0.0,True
2024-12-05,138.0,301.0,263.0,"7,464",245.0,True
2024-12-06,0.0,0.0,0.0,"7,464",0.0,True
2024-12-07,0.0,0.0,0.0,"7,464",0.0,True
2024-12-08,109.0,219.0,155.0,"5,903",148.0,True
2024-12-09,184.0,280.0,210.0,"6,360",220.0,True
2024-12-10,0.0,0.0,0.0,"6,360",0.0,True
2024-12-11,142.0,235.0,139.0,"5,975",138.0,True
2024-12-12,0.0,0.0,0.0,"5,975",0.0,True
2024-12-13,0.0,0.0,0.0,"5,975",0.0,True
2024-12-14,0.0,0.0,0.0,"5,975",0.0,True
2024-12-15,180.0,337.0,219.0,"6,408",224.0,True
2024-12-16,133.0,287.0,189.0,"6,454",149.0,True
2024-12-17,187.0,310.0,247.0,"6,506",151.0,True
2024-12-18,168.0,285.0,210.0,"6,598",134.0,True
2024-12-19,269.0,412.0,204.0,"6,600",238.0,True
2024-12-20,0.0,0.0,0.0,"6,600",0.0,True
2024-12-21,0.0,0.0,0.0,"6,600",0.0,True
2024-12-22,100.0,255.0,236.0,"6,595",268.0,True
2024-12-23,205.0,294.0,177.0,"6,548",231.0,True
2024-12-24,161.0,304.0,211.0,"6,622",155.0,True
2024-12-25,0.0,0.0,0.0,"6,622",0.0,True
2024-12-26,0.0,0.0,0.0,"6,622",0.0,True
2024-12-27,0.0,0.0,0.0,"6,622",0.0,True
2024-12-28,0.0,0.0,0.0,"6,622",0.0,True
2024-12-29,107.0,170.0,133.0,"6,465",216.0,True
2024-12-30,99.0,156.0,139.0,"6,454",177.0,True
2024-12-31,0.0,0.0,0.0,"6,454",0.0,True
2025-01-01,0.0,0.0,0.0,"6,454",0.0,True
2025-01-02,0.0,0.0,0.0,"6,454",0.0,True
2025-01-03,0.0,0.0,0.0,"6,454",0.0,True
2025-01-04,17.0,36.0,7.0,"2,191",12.0,True
2025-01-05,13.0,32.0,14.0,"2,306",16.0,True
2025-01-06,8.0,24.0,16.0,"2,528",12.0,True
2025-01-07,7.0,14.0,6.0,"2,391",22.0,True
2025-01-08,0.0,0.0,0.0,"2,391",0.0,True
2025-01-09,10.0,29.0,17.0,"2,010",5.0,True
2025-01-10,4.0,33.0,12.0,"2,163",14.0,True
2025-01-11,0.0,0.0,0.0,"2,163",0.0,True
2025-01-12,4.0,26.0,4.0,"2,410",9.0,True
2025-01-13,68.0,107.0,102.0,"5,019",181.0,True
2025-01-14,92.0,124.0,93.0,"4,957",139.0,True
2025-01-15,113.0,162.0,107.0,"4,903",164.0,True
2025-01-16,106.0,196.0,131.0,"4,881",159.0,True
2025-01-17,0.0,0.0,0.0,"4,881",0.0,True
2025-01-18,0.0,0.0,0.0,"4,881",0.0,True
2025-01-19,0.0,0.0,0.0,"4,881",0.0,True
2025-01-20,0.0,0.0,0.0,"4,881",0.0,True
2025-01-21,0.0,0.0,0.0,"4,881",0.0,True
2025-01-22,62.0,97.0,52.0,"4,717",83.0,True
2025-01-23,0.0,0.0,0.0,"4,717",0.0,True
2025-01-24,0.0,0.0,0.0,"4,717",0.0,True
2025-01-25,0.0,0.0,0.0,"4,717",0.0,True
2025-01-26,29.0,51.0,11.0,"4,241",182.0,True
2025-01-27,33.0,53.0,34.0,"4,161",127.0,True
2025-01-28,32.0,49.0,39.0,"4,096",101.0,True
2025-01-29,32.0,50.0,39.0,"4,036",99.0,True
2025-01-30,0.0,0.0,0.0,"4,036",0.0,True
2025-01-31,0.0,0.0,0.0,"4,036",0.0,True
2025-02-01,35.0,70.0,53.0,"6,292",170.0,True
2025-02-02,0.0,0.0,0.0,"6,292",0.0,True
2025-02-03,12.0,24.0,4.0,"2,297",31.0,True
2025-02-04,5.0,31.0,16.0,"2,208",3.0,True
2025-02-05,0.0,0.0,0.0,"2,208",0.0,True
2025-02-06,10.0,19.0,5.0,"2,518",16.0,True
2025-02-07,8.0,20.0,9.0,"2,373",38.0,True
2025-02-08,0.0,0.0,0.0,"2,373",0.0,True
2025-02-09,6.0,35.0,9.0,"2,020",9.0,True
2025-02-10,20.0,51.0,15.0,"2,164",16.0,True
2025-02-11,5.0,21.0,10.0,"2,277",7.0,True
2025-02-12,7.0,34.0,6.0,"2,407",8.0,True
2025-02-13,0.0,0.0,0.0,"2,407",0.0,True
2025-02-14,0.0,0.0,0.0,"2,407",0.0,True
2025-02-15,0.0,0.0,0.0,"2,407",0.0,True
2025-02-16,0.0,0.0,0.0,"2,407",0.0,True
2025-02-17,8.0,17.0,14.0,"2,532",15.0,True
2025-02-18,18.0,19.0,11.0,"2,536",9.0,True
2025-02-19,12.0,17.0,17.0,"2,528",19.0,True
2025-02-20,13.0,25.0,15.0,"2,520",32.0,True
2025-02-21,0.0,0.0,0.0,"2,520",0.0,True
2025-02-22,0.0,0.0,0.0,"2,520",0.0,True
2025-02-23,7.0,16.0,8.0,"2,423",35.0,True
2025-02-24,20.0,22.0,14.0,"2,413",24.0,True
2025-02-25,11.0,7.0,7.0,"2,413",23.0,True
2025-02-26,12.0,21.0,1.0,"2,411",23.0,True
2025-02-27,0.0,0.0,0.0,"2,411",0.0,True
2025-02-28,0.0,0.0,0.0,"2,411",0.0,True
2025-03-01,0.0,0.0,0.0,"2,411",0.0,True
2025-03-02,23.0,45.0,11.0,"3,403",102.0,True
2025-03-03,8.0,29.0,18.0,"2,287",25.0,True
2025-03-04,12.0,26.0,18.0,"2,223",8.0,True
2025-03-05,0.0,0.0,0.0,"2,223",0.0,True
2025-03-06,5.0,23.0,11.0,"2,519",15.0,True
2025-03-07,0.0,0.0,0.0,"2,519",0.0,True
2025-03-08,5.0,26.0,3.0,"2,049",5.0,True
2025-03-09,4.0,29.0,11.0,"2,019",10.0,True
2025-03-10,0.0,0.0,0.0,"2,019",0.0,True
2025-03-11,3.0,28.0,5.0,"2,269",12.0,True
2025-03-12,4.0,32.0,8.0,"2,419",7.0,True
2025-03-13,4.0,20.0,9.0,"2,116",6.0,True
2025-03-14,0.0,0.0,0.0,"2,116",0.0,True
2025-03-15,0.0,0.0,0.0,"2,116",0.0,True
2025-03-16,1.0,9.0,8.0,"2,117",5.0,True
2025-03-17,5.0,14.0,0.0,"2,111",8.0,True
2025-03-18,19.0,34.0,6.0,"2,109",8.0,True
2025-03-19,6.0,22.0,14.0,"2,119",9.0,True
2025-03-20,9.0,20.0,11.0,"2,124",7.0,True
2025-03-21,0.0,0.0,0.0,"2,124",0.0,True
2025-03-22,0.0,0.0,0.0,"2,124",0.0,True
2025-03-23,15.0,29.0,9.0,"2,136",2.0,True
2025-03-24,7.0,13.0,11.0,"2,139",7.0,True
2025-03-25,12.0,19.0,7.0,"2,145",6.0,True
2025-03-26,9.0,21.0,15.0,"2,159",2.0,True
2025-03-27,1.0,19.0,13.0,"2,159",2.0,True
2025-03-28,0.0,0.0,0.0,"2,159",0.0,True
2025-03-29,0.0,0.0,0.0,"2,159",0.0,True
2025-03-30,9.0,20.0,5.0,"2,188",2.0,True
2025-03-31,9.0,25.0,8.0,"2,193",5.0,True
2025-04-01,0.0,0.0,0.0,"2,193",0.0,True
2025-04-02,34.0,54.0,29.0,"3,359",74.0,True
2025-04-03,4.0,25.0,10.0,"2,272",30.0,True
2025-04-04,0.0,0.0,0.0,"2,272",0.0,True
2025-04-05,9.0,31.0,10.0,"2,335",5.0,True
2025-04-06,4.0,16.0,9.0,"2,516",16.0,True
2025-04-07,0.0,0.0,0.0,"2,516",0.0,True
2025-04-08,5.0,22.0,11.0,"2,040",14.0,True
2025-04-09,11.0,40.0,2.0,"2,015",14.0,True
2025-04-10,0.0,0.0,0.0,"2,015",0.0,True
2025-04-11,6.0,33.0,6.0,"2,270",8.0,True
2025-04-12,16.0,39.0,7.0,"2,418",13.0,True
2025-04-13,5.0,26.0,10.0,"2,283",3.0,True
2025-04-14,5.0,26.0,9.0,"2,282",13.0,True
2025-04-15,4.0,19.0,12.0,"2,286",7.0,True
2025-04-16,11.0,30.0,5.0,"2,291",8.0,True
2025-04-17,7.0,26.0,10.0,"2,288",14.0,True
2025-04-18,0.0,0.0,0.0,"2,288",0.0,True
2025-04-19,0.0,0.0,0.0,"2,288",0.0,True
2025-04-20,4.0,15.0,6.0,"2,305",4.0,True
2025-04-21,10.0,25.0,5.0,"2,308",6.0,True
2025-04-22,7.0,19.0,14.0,"2,305",17.0,True
2025-04-23,3.0,23.0,4.0,"2,300",11.0,True
2025-04-24,3.0,9.0,7.0,"2,294",13.0,True
2025-04-25,0.0,0.0,0.0,"2,294",0.0,True
2025-04-26,0.0,0.0,0.0,"2,294",0.0,True
2025-04-27,9.0,40.0,12.0,"2,301",4.0,True
2025-04-28,6.0,26.0,12.0,"2,307",8.0,True
2025-04-29,11.0,25.0,11.0,"2,304",15.0,True
2025-04-30,7.0,34.0,9.0,"2,309",12.0,True
2025-05-01,43.0,73.0,64.0,"5,882",185.0,True
2025-05-02,26.0,36.0,36.0,"3,290",104.0,True
2025-05-03,5.0,20.0,4.0,"2,238",40.0,True
2025-05-04,0.0,0.0,0.0,"2,238",0.0,True
2025-05-05,15.0,44.0,20.0,"2,331",17.0,True
2025-05-06,8.0,26.0,5.0,"2,503",21.0,True
2025-05-07,0.0,0.0,0.0,"2,503",0.0,True
2025-05-08,2.0,21.0,10.0,"2,042",14.0,True
2025-05-09,0.0,0.0,0.0,"2,042",0.0,True
2025-05-10,8.0,28.0,13.0,"2,180",16.0,True
2025-05-11,8.0,41.0,8.0,"2,272",7.0,True
2025-05-12,0.0,0.0,0.0,"2,272",0.0,True
2025-05-13,18.0,29.0,12.0,"2,394",11.0,True
2025-05-14,7.0,30.0,14.0,"2,394",11.0,True
2025-05-15,15.0,31.0,14.0,"2,410",14.0,True
2025-05-16,0.0,0.0,0.0,"2,410",0.0,True
2025-05-17,0.0,0.0,0.0,"2,410",0.0,True
2025-05-18,13.0,28.0,14.0,"2,437",9.0,True
2025-05-19,7.0,27.0,17.0,"2,457",6.0,True
2025-05-20,0.0,0.0,0.0,"2,457",0.0,True
2025-05-21,14.0,62.0,13.0,"2,467",18.0,True
2025-05-22,18.0,36.0,17.0,"2,473",15.0,True
2025-05-23,0.0,0.0,0.0,"2,473",0.0,True
2025-05-24,0.0,0.0,0.0,"2,473",0.0,True
2025-05-25,0.0,0.0,0.0,"2,473",0.0,True
2025-05-26,0.0,0.0,0.0,"2,473",0.0,True
2025-05-27,6.0,24.0,7.0,"2,504",11.0,True
2025-05-28,12.0,39.0,12.0,"2,499",14.0,True
2025-05-29,13.0,38.0,15.0,"2,506",11.0,True
2025-05-30,0.0,0.0,0.0,"2,506",0.0,True
2025-05-31,0.0,0.0,0.0,"2,506",0.0,True
2025-06-01,0.0,0.0,0.0,"2,506",0.0,True
2025-06-02,25.0,32.0,27.0,"3,181",145.0,True
2025-06-03,7.0,27.0,6.0,"2,218",33.0,True
2025-06-04,7.0,14.0,7.0,"2,234",11.0,True
2025-06-05,10.0,33.0,16.0,"2,339",16.0,True
2025-06-06,0.0,0.0,0.0,"2,339",0.0,True
2025-06-07,4.0,17.0,2.0,"2,332",8.0,True
2025-06-08,4.0,17.0,3.0,"2,036",13.0,True
2025-06-09,0.0,0.0,0.0,"2,036",0.0,True
2025-06-10,5.0,33.0,15.0,"2,187",10.0,True
2025-06-11,6.0,33.0,9.0,"2,264",19.0,True
2025-06-12,0.0,0.0,0.0,"2,264",0.0,True
2025-06-13,0.0,0.0,0.0,"2,264",0.0,True
2025-06-14,0.0,0.0,0.0,"2,264",0.0,True
2025-06-15,0.0,0.0,0.0,"2,264",0.0,True
2025-06-16,0.0,0.0,0.0,"2,264",0.0,True
2025-06-17,7.0,24.0,10.0,"2,523",14.0,True
2025-06-18,0.0,0.0,0.0,"2,523",0.0,True
2025-06-19,8.0,19.0,7.0,"2,501",18.0,True
2025-06-20,0.0,0.0,0.0,"2,501",0.0,True
2025-06-21,0.0,0.0,0.0,"2,501",0.0,True
2025-06-22,7.0,13.0,5.0,"2,508",7.0,True
2025-06-23,3.0,15.0,5.0,"2,495",17.0,True
2025-06-24,5.0,20.0,5.0,"2,489",16.0,True
2025-06-25,6.0,12.0,2.0,"2,470",24.0,True
2025-06-26,3.0,9.0,7.0,"2,447",35.0,True
2025-06-27,0.0,0.0,0.0,"2,447",0.0,True
2025-06-28,0.0,0.0,0.0,"2,447",0.0,True
2025-06-29,5.0,17.0,7.0,"2,413",20.0,True
2025-06-30,9.0,22.0,8.0,"2,407",16.0,True
2025-07-01,65.0,83.0,65.0,"5,703",133.0,True
2025-07-02,0.0,0.0,0.0,"5,703",0.0,True
2025-07-03,0.0,0.0,0.0,"5,703",0.0,True
2025-07-04,12.0,22.0,9.0,"2,237",5.0,True
2025-07-05,10.0,30.0,15.0,"2,335",10.0,True
2025-07-06,0.0,0.0,0.0,"2,335",0.0,True
2025-07-07,3.0,18.0,8.0,"2,317",20.0,True
2025-07-08,4.0,18.0,6.0,"2,031",17.0,True
2025-07-09,4.0,19.0,9.0,"2,026",7.0,True
2025-07-10,11.0,45.0,4.0,"2,189",10.0,True
2025-07-11,0.0,0.0,0.0,"2,189",0.0,True
2025-07-12,4.0,24.0,13.0,"2,429",12.0,True
2025-07-13,1.0,13.0,4.0,"2,204",10.0,True
2025-07-14,2.0,9.0,1.0,"2,181",26.0,True
2025-07-15,0.0,8.0,5.0,"2,171",17.0,True
2025-07-16,1.0,9.0,0.0,"2,164",11.0,True
2025-07-17,3.0,16.0,2.0,"2,153",17.0,True
2025-07-18,0.0,0.0,0.0,"2,153",0.0,True
2025-07-19,0.0,0.0,0.0,"2,153",0.0,True
2025-07-20,0.0,0.0,0.0,"2,153",0.0,True
2025-07-21,4.0,18.0,7.0,"2,121",16.0,True
2025-07-22,5.0,13.0,3.0,"2,117",16.0,True
2025-07-23,6.0,21.0,5.0,"2,111",14.0,True
2025-07-24,6.0,18.0,7.0,"2,096",29.0,True
2025-07-25,0.0,0.0,0.0,"2,096",0.0,True
2025-07-26,0.0,0.0,0.0,"2,096",0.0,True
2025-07-27,1.0,12.0,2.0,"2,088",4.0,True
2025-07-28,2.0,9.0,3.0,"2,080",14.0,True
2025-07-29,2.0,8.0,3.0,"2,072",12.0,True
2025-07-30,4.0,15.0,4.0,"2,063",16.0,True
2025-07-31,2.0,9.0,6.0,"2,058",15.0,True
2025-08-01,0.0,0.0,0.0,"2,058",0.0,True
2025-08-02,0.0,0.0,0.0,"2,058",0.0,True
2025-08-03,0.0,0.0,0.0,"2,058",0.0,True
2025-08-04,12.0,34.0,12.0,"2,243",9.0,True
2025-08-05,15.0,24.0,16.0,"2,361",11.0,True
2025-08-06,10.0,16.0,15.0,"2,507",13.0,True
2025-08-07,5.0,16.0,8.0,"2,306",20.0,True
2025-08-08,0.0,0.0,0.0,"2,306",0.0,True
2025-08-09,7.0,25.0,5.0,"2,025",6.0,True
2025-08-10,8.0,49.0,15.0,"2,192",17.0,True
2025-08-11,0.0,0.0,0.0,"2,192",0.0,True
2025-08-12,9.0,27.0,9.0,"2,440",4.0,True
2025-08-13,6.0,22.0,12.0,"1,997",17.0,True
2025-08-14,3.0,27.0,4.0,"1,994",11.0,True
2025-08-15,0.0,0.0,0.0,"1,994",0.0,True
2025-08-16,0.0,0.0,0.0,"1,994",0.0,True
2025-08-17,4.0,14.0,2.0,"1,991",3.0,True
2025-08-18,4.0,20.0,6.0,"1,985",14.0,True
2025-08-19,5.0,35.0,3.0,"1,980",11.0,True
2025-08-20,10.0,38.0,10.0,"1,983",10.0,True
2025-08-21,6.0,49.0,8.0,"1,972",21.0,True
2025-08-22,0.0,0.0,0.0,"1,972",0.0,True
2025-08-23,0.0,0.0,0.0,"1,972",0.0,True
2025-08-24,4.0,21.0,5.0,"1,981",5.0,True
2025-08-25,8.0,30.0,8.0,"1,980",11.0,True
2025-08-26,10.0,21.0,20.0,"1,989",15.0,True
2025-08-27,5.0,19.0,9.0,"1,988",19.0,True
2025-08-28,8.0,33.0,6.0,"1,984",17.0,True
2025-08-29,0.0,0.0,0.0,"1,984",0.0,True
2025-08-30,0.0,0.0,0.0,"1,984",0.0,True
2025-08-31,0.0,0.0,0.0,"1,984",0.0,True
2025-09-01,56.0,82.0,68.0,"5,507",164.0,True
2025-09-02,0.0,0.0,0.0,"5,507",0.0,True
2025-09-03,12.0,25.0,15.0,"2,137",30.0,True
2025-09-04,6.0,19.0,10.0,"2,251",5.0,True
2025-09-05,0.0,0.0,0.0,"2,251",0.0,True
2025-09-06,8.0,21.0,14.0,"2,516",9.0,True
2025-09-07,2.0,18.0,0.0,"2,281",32.0,True
2025-09-08,0.0,0.0,0.0,"2,281",0.0,True
2025-09-09,18.0,42.0,11.0,"2,023",14.0,True
2025-09-10,11.0,55.0,13.0,"2,192",12.0,True
2025-09-11,11.0,33.0,5.0,"2,294",4.0,True
2025-09-12,4.0,30.0,7.0,"2,443",8.0,True
2025-09-13,0.0,0.0,0.0,"2,443",0.0,True
2025-09-14,7.0,39.0,13.0,"2,083",5.0,True
2025-09-15,9.0,47.0,10.0,"2,086",10.0,True
2025-09-16,7.0,28.0,17.0,"2,095",12.0,True
2025-09-17,7.0,38.0,5.0,"2,096",13.0,True
2025-09-18,20.0,52.0,11.0,"2,096",14.0,True
2025-09-19,0.0,0.0,0.0,"2,096",0.0,True
2025-09-20,0.0,0.0,0.0,"2,096",0.0,True
2025-09-21,8.0,35.0,13.0,"2,134",5.0,True
2025-09-22,17.0,40.0,14.0,"2,141",10.0,True
2025-09-23,11.0,36.0,10.0,"2,145",15.0,True
2025-09-24,3.0,38.0,12.0,"2,138",17.0,True
2025-09-25,6.0,35.0,12.0,"2,132",18.0,True
2025-09-26,0.0,0.0,0.0,"2,132",0.0,True
2025-09-27,0.0,0.0,0.0,"2,132",0.0,True
2025-09-28,11.0,29.0,12.0,"2,146",9.0,True
2025-09-29,8.0,35.0,12.0,"2,148",13.0,True
2025-09-30,8.0,32.0,12.0,"2,159",7.0,True
2025-10-01,0.0,0.0,0.0,"2,159",0.0,True
2025-10-02,16.0,18.0,15.0,"2,834",63.0,True
2025-10-03,6.0,28.0,8.0,"2,125",23.0,True
2025-10-04,18.0,25.0,17.0,"2,265",6.0,True
2025-10-05,0.0,0.0,0.0,"2,265",0.0,True
2025-10-06,17.0,28.0,7.0,"2,511",12.0,True
2025-10-07,2.0,12.0,3.0,"2,252",39.0,True
2025-10-08,0.0,18.0,8.0,"2,006",12.0,True
2025-10-09,10.0,47.0,14.0,"2,025",18.0,True
2025-10-10,0.0,0.0,0.0,"2,025",0.0,True
2025-10-11,0.0,0.0,0.0,"2,025",0.0,True
2025-10-12,10.0,54.0,5.0,"2,439",9.0,True
2025-10-13,8.0,24.0,7.0,"2,223",6.0,True
2025-10-14,7.0,30.0,16.0,"2,235",8.0,True
2025-10-15,8.0,29.0,10.0,"2,225",15.0,True
2025-10-16,9.0,33.0,15.0,"2,233",9.0,True
2025-10-17,0.0,0.0,0.0,"2,233",0.0,True
2025-10-18,0.0,0.0,0.0,"2,233",0.0,True
2025-10-19,9.0,34.0,17.0,"2,237",7.0,True
2025-10-20,10.0,39.0,6.0,"2,243",7.0,True
2025-10-21,13.0,39.0,17.0,"2,251",9.0,True
2025-10-22,12.0,42.0,13.0,"2,261",12.0,True
2025-10-23,4.0,27.0,26.0,"2,266",18.0,True
2025-10-24,0.0,0.0,0.0,"2,266",0.0,True
2025-10-25,0.0,0.0,0.0,"2,266",0.0,True
2025-10-26,4.0,35.0,12.0,"2,276",10.0,True
2025-10-27,2.0,31.0,8.0,"2,282",11.0,True
2025-10-28,6.0,22.0,11.0,"2,286",6.0,True
2025-10-29,6.0,25.0,4.0,"2,280",17.0,True
2025-10-30,3.0,17.0,14.0,"2,287",12.0,True
2025-10-31,0.0,0.0,0.0,"2,287",0.0,True
2025-11-01,0.0,0.0,0.0,"2,287",0.0,True
2025-11-02,11.0,22.0,12.0,"2,799",50.0,True
2025-11-03,3.0,11.0,7.0,"2,116",20.0,True
2025-11-04,8.0,22.0,8.0,"2,267",9.0,True
2025-11-05,15.0,20.0,12.0,"2,385",3.0,True
2025-11-06,0.0,0.0,0.0,"2,385",0.0,True
2025-11-07,0.0,0.0,0.0,"2,385",0.0,True
2025-11-08,6.0,23.0,4.0,"1,999",16.0,True
2025-11-09,12.0,38.0,29.0,"2,047",6.0,True
2025-11-10,0.0,0.0,0.0,"2,047",0.0,True
2025-11-11,11.0,39.0,12.0,"2,294",14.0,True
2025-11-12,7.0,47.0,9.0,"2,437",10.0,True
2025-11-13,6.0,26.0,16.0,"2,317",5.0,True
2025-11-14,0.0,0.0,0.0,"2,317",0.0,True
2025-11-15,0.0,0.0,0.0,"2,317",0.0,True
2025-11-16,5.0,22.0,3.0,"2,340",5.0,True
2025-11-17,1.0,35.0,6.0,"2,343",8.0,True
2025-11-18,2.0,38.0,8.0,"2,345",12.0,True
2025-11-19,7.0,32.0,3.0,"2,340",10.0,True
2025-11-20,18.0,57.0,8.0,"2,340",9.0,True
2025-11-21,0.0,0.0,0.0,"2,340",0.0,True
2025-11-22,0.0,0.0,0.0,"2,340",0.0,True
2025-11-23,3.0,46.0,22.0,"2,375",1.0,True
2025-11-24,9.0,40.0,9.0,"2,371",13.0,True
2025-11-25,6.0,47.0,14.0,"2,375",11.0,True
2025-11-26,0.0,0.0,0.0,"2,375",0.0,True
2025-11-27,4.0,24.0,8.0,"2,389",7.0,True
2025-11-28,0.0,0.0,0.0,"2,389",0.0,True
2025-11-29,0.0,0.0,0.0,"2,389",0.0,True
2025-11-30,4.0,18.0,10.0,"2,415",0.0,True
2025-12-01,74.0,103.0,80.0,"5,092",235.0,True
2025-12-02,16.0,20.0,20.0,"2,752",66.0,True
2025-12-03,6.0,18.0,2.0,"2,113",8.0,True
2025-12-04,0.0,0.0,0.0,"2,113",0.0,True
2025-12-05,7.0,33.0,14.0,"2,392",7.0,True
2025-12-06,0.0,0.0,0.0,"2,392",0.0,True
2025-12-07,0.0,0.0,0.0,"2,392",0.0,True
2025-12-08,8.0,38.0,9.0,"1,999",9.0,True
2025-12-09,0.0,0.0,0.0,"1,999",0.0,True
2025-12-10,0.0,0.0,0.0,"1,999",0.0,True
2025-12-11,14.0,48.0,20.0,"2,302",7.0,True
2025-12-12,0.0,0.0,0.0,"2,302",0.0,True
2025-12-13,0.0,0.0,0.0,"2,302",0.0,True
2025-12-14,8.0,35.0,4.0,"2,462",8.0,True
2025-12-15,11.0,42.0,9.0,"2,470",7.0,True
2025-12-16,8.0,54.0,15.0,"2,468",9.0,True
2025-12-17,7.0,31.0,11.0,"2,481",10.0,True
2025-12-18,11.0,50.0,6.0,"2,472",16.0,True
2025-12-19,0.0,0.0,0.0,"2,472",0.0,True
2025-12-20,0.0,0.0,0.0,"2,472",0.0,True
2025-12-21,6.0,18.0,11.0,"2,484",14.0,True
